Model,MAE,RMSE
Autoregressive Model,0.3309076252728418,0.4338644952750558
Naive Model,0.343223598598123,0.46341045385273344
Multivariate Regression Model,0.3741421444346445,0.4995152102533784
VAR Model,0.45118571092679016,0.6427256123065476
